Dataset_ID,Dataset_Name,Observation_Index,Value,Depth,Horizon,Value_Class
1,Stock_Prices,0,100.00,5,1,1
1,Stock_Prices,1,101.49,5,1,1
1,Stock_Prices,2,101.72,5,1,1
1,Stock_Prices,3,103.51,5,1,1
1,Stock_Prices,4,107.06,5,1,2
1,Stock_Prices,5,107.09,5,1,2
1,Stock_Prices,6,107.12,5,1,2
1,Stock_Prices,7,110.78,5,1,3
1,Stock_Prices,8,112.82,5,1,3
1,Stock_Prices,9,112.38,5,1,3
1,Stock_Prices,10,113.96,5,1,3
1,Stock_Prices,11,113.53,5,1,3
1,Stock_Prices,12,113.10,5,1,3
1,Stock_Prices,13,114.09,5,1,3
1,Stock_Prices,14,110.76,5,1,3
1,Stock_Prices,15,107.81,5,1,2
1,Stock_Prices,16,107.19,5,1,2
1,Stock_Prices,17,105.66,5,1,2
1,Stock_Prices,18,106.79,5,1,2
1,Stock_Prices,19,105.47,5,1,2
1,Stock_Prices,20,103.15,5,1,1
1,Stock_Prices,21,106.58,5,1,2
1,Stock_Prices,22,106.63,5,1,2
1,Stock_Prices,23,107.26,5,1,2
1,Stock_Prices,24,104.91,5,1,1
1,Stock_Prices,25,104.32,5,1,1
1,Stock_Prices,26,105.05,5,1,2
1,Stock_Prices,27,103.24,5,1,1
1,Stock_Prices,28,104.50,5,1,1
1,Stock_Prices,29,103.79,5,1,1
1,Stock_Prices,30,103.71,5,1,1
1,Stock_Prices,31,103.01,5,1,1
1,Stock_Prices,32,107.21,5,1,2
1,Stock_Prices,33,107.69,5,1,2
1,Stock_Prices,34,106.07,5,1,2
1,Stock_Prices,35,108.22,5,1,2
1,Stock_Prices,36,106.27,5,1,2
1,Stock_Prices,37,107.19,5,1,2
1,Stock_Prices,38,103.77,5,1,1
1,Stock_Prices,39,101.62,5,1,1
1,Stock_Prices,40,102.51,5,1,1
1,Stock_Prices,41,104.49,5,1,1
1,Stock_Prices,42,105.33,5,1,2
1,Stock_Prices,43,105.60,5,1,2
1,Stock_Prices,44,105.50,5,1,2
1,Stock_Prices,45,103.04,5,1,1
1,Stock_Prices,46,102.10,5,1,1
1,Stock_Prices,47,101.68,5,1,1
1,Stock_Prices,48,104.29,5,1,1
1,Stock_Prices,49,105.48,5,1,2
1,Stock_Prices,50,102.45,5,1,1
1,Stock_Prices,51,103.60,5,1,1
1,Stock_Prices,52,103.33,5,1,1
1,Stock_Prices,53,102.48,5,1,1
1,Stock_Prices,54,104.20,5,1,1
1,Stock_Prices,55,106.76,5,1,2
1,Stock_Prices,56,109.12,5,1,2
1,Stock_Prices,57,107.95,5,1,2
1,Stock_Prices,58,107.83,5,1,2
1,Stock_Prices,59,108.99,5,1,2
1,Stock_Prices,60,111.44,5,1,3
1,Stock_Prices,61,110.98,5,1,3
1,Stock_Prices,62,111.11,5,1,3
1,Stock_Prices,63,109.40,5,1,2
1,Stock_Prices,64,107.51,5,1,2
1,Stock_Prices,65,109.63,5,1,2
1,Stock_Prices,66,112.84,5,1,3
1,Stock_Prices,67,113.20,5,1,3
1,Stock_Prices,68,115.71,5,1,3
1,Stock_Prices,69,116.93,5,1,3
1,Stock_Prices,70,116.14,5,1,3
1,Stock_Prices,71,117.36,5,1,3
1,Stock_Prices,72,120.94,5,1,3
1,Stock_Prices,73,121.37,5,1,3
1,Stock_Prices,74,125.00,5,1,3
1,Stock_Prices,75,120.26,5,1,3
1,Stock_Prices,76,122.40,5,1,3
1,Stock_Prices,77,123.08,5,1,3
1,Stock_Prices,78,122.98,5,1,3
1,Stock_Prices,79,123.66,5,1,3
1,Stock_Prices,80,120.19,5,1,3
1,Stock_Prices,81,120.25,5,1,3
1,Stock_Prices,82,121.46,5,1,3
1,Stock_Prices,83,124.92,5,1,3
1,Stock_Prices,84,124.38,5,1,3
1,Stock_Prices,85,123.26,5,1,3
1,Stock_Prices,86,122.76,5,1,3
1,Stock_Prices,87,125.09,5,1,3
1,Stock_Prices,88,126.25,5,1,3
1,Stock_Prices,89,125.69,5,1,3
1,Stock_Prices,90,127.21,5,1,3
1,Stock_Prices,91,127.91,5,1,3
1,Stock_Prices,92,130.35,5,1,3
1,Stock_Prices,93,129.44,5,1,3
1,Stock_Prices,94,129.29,5,1,3
1,Stock_Prices,95,129.00,5,1,3
1,Stock_Prices,96,126.58,5,1,3
1,Stock_Prices,97,127.67,5,1,3
1,Stock_Prices,98,128.69,5,1,3
1,Stock_Prices,99,129.20,5,1,3
1,Stock_Prices,100,129.23,5,1,3
2,Air_Temperature,0,7.88,4,1,2
2,Air_Temperature,1,11.18,4,1,2
2,Air_Temperature,2,13.08,4,1,2
2,Air_Temperature,3,14.12,4,1,2
2,Air_Temperature,4,16.73,4,1,3
2,Air_Temperature,5,19.13,4,1,3
2,Air_Temperature,6,22.78,4,1,3
2,Air_Temperature,7,21.49,4,1,3
2,Air_Temperature,8,22.73,4,1,3
2,Air_Temperature,9,23.17,4,1,3
2,Air_Temperature,10,21.15,4,1,3
2,Air_Temperature,11,24.52,4,1,3
2,Air_Temperature,12,24.98,4,1,3
2,Air_Temperature,13,28.69,4,1,3
2,Air_Temperature,14,24.60,4,1,3
2,Air_Temperature,15,25.02,4,1,3
2,Air_Temperature,16,23.97,4,1,3
2,Air_Temperature,17,21.53,4,1,3
2,Air_Temperature,18,24.06,4,1,3
2,Air_Temperature,19,22.36,4,1,3
2,Air_Temperature,20,21.13,4,1,3
2,Air_Temperature,21,17.16,4,1,3
2,Air_Temperature,22,19.08,4,1,3
2,Air_Temperature,23,13.22,4,1,2
2,Air_Temperature,24,14.47,4,1,2
2,Air_Temperature,25,15.09,4,1,3
2,Air_Temperature,26,8.51,4,1,2
2,Air_Temperature,27,7.34,4,1,2
2,Air_Temperature,28,6.56,4,1,2
2,Air_Temperature,29,3.93,4,1,1
2,Air_Temperature,30,0.70,4,1,1
2,Air_Temperature,31,1.58,4,1,1
2,Air_Temperature,32,-1.54,4,1,1
2,Air_Temperature,33,-0.52,4,1,1
2,Air_Temperature,34,-3.72,4,1,1
2,Air_Temperature,35,-0.96,4,1,1
2,Air_Temperature,36,-5.20,4,1,1
2,Air_Temperature,37,-5.05,4,1,1
2,Air_Temperature,38,-3.67,4,1,1
2,Air_Temperature,39,-6.85,4,1,1
2,Air_Temperature,40,-4.55,4,1,1
2,Air_Temperature,41,-2.60,4,1,1
2,Air_Temperature,42,-6.44,4,1,1
2,Air_Temperature,43,-3.00,4,1,1
2,Air_Temperature,44,-1.95,4,1,1
2,Air_Temperature,45,-0.05,4,1,1
2,Air_Temperature,46,-1.80,4,1,1
2,Air_Temperature,47,-0.50,4,1,1
2,Air_Temperature,48,3.81,4,1,1
2,Air_Temperature,49,5.13,4,1,2
2,Air_Temperature,50,6.79,4,1,2
2,Air_Temperature,51,8.71,4,1,2
2,Air_Temperature,52,8.98,4,1,2
2,Air_Temperature,53,12.16,4,1,2
2,Air_Temperature,54,14.03,4,1,2
2,Air_Temperature,55,14.25,4,1,2
2,Air_Temperature,56,19.77,4,1,3
2,Air_Temperature,57,19.23,4,1,3
2,Air_Temperature,58,18.16,4,1,3
2,Air_Temperature,59,22.21,4,1,3
2,Air_Temperature,60,20.88,4,1,3
2,Air_Temperature,61,24.46,4,1,3
2,Air_Temperature,62,25.76,4,1,3
2,Air_Temperature,63,23.33,4,1,3
2,Air_Temperature,64,26.34,4,1,3
2,Air_Temperature,65,25.62,4,1,3
2,Air_Temperature,66,26.12,4,1,3
2,Air_Temperature,67,27.41,4,1,3
2,Air_Temperature,68,23.66,4,1,3
2,Air_Temperature,69,22.15,4,1,3
2,Air_Temperature,70,21.01,4,1,3
2,Air_Temperature,71,20.00,4,1,3
2,Air_Temperature,72,19.83,4,1,3
2,Air_Temperature,73,19.03,4,1,3
2,Air_Temperature,74,17.39,4,1,3
2,Air_Temperature,75,16.56,4,1,3
2,Air_Temperature,76,13.61,4,1,2
2,Air_Temperature,77,13.99,4,1,2
2,Air_Temperature,78,9.60,4,1,2
2,Air_Temperature,79,12.27,4,1,2
2,Air_Temperature,80,7.35,4,1,2
2,Air_Temperature,81,3.40,4,1,1
2,Air_Temperature,82,1.42,4,1,1
2,Air_Temperature,83,2.20,4,1,1
2,Air_Temperature,84,-0.28,4,1,1
2,Air_Temperature,85,-0.16,4,1,1
2,Air_Temperature,86,-1.63,4,1,1
2,Air_Temperature,87,-3.39,4,1,1
2,Air_Temperature,88,-5.30,4,1,1
2,Air_Temperature,89,-6.84,4,1,1
2,Air_Temperature,90,-5.56,4,1,1
2,Air_Temperature,91,-3.72,4,1,1
2,Air_Temperature,92,-4.57,4,1,1
2,Air_Temperature,93,-6.43,4,1,1
2,Air_Temperature,94,-3.77,4,1,1
2,Air_Temperature,95,-2.70,4,1,1
2,Air_Temperature,96,-3.67,4,1,1
2,Air_Temperature,97,-1.00,4,1,1
2,Air_Temperature,98,0.14,4,1,1
2,Air_Temperature,99,-0.24,4,1,1
2,Air_Temperature,100,3.57,4,1,1
2,Air_Temperature,101,5.52,4,1,2
2,Air_Temperature,102,8.03,4,1,2
2,Air_Temperature,103,9.77,4,1,2
3,Airport_Passengers,0,113111.65,8,1,2
3,Airport_Passengers,1,140165.05,8,1,3
3,Airport_Passengers,2,165295.28,8,1,3
3,Airport_Passengers,3,171269.25,8,1,3
3,Airport_Passengers,4,163585.63,8,1,3
3,Airport_Passengers,5,160723.33,8,1,3
3,Airport_Passengers,6,117824.67,8,1,2
3,Airport_Passengers,7,93940.28,8,1,2
3,Airport_Passengers,8,72830.03,8,1,1
3,Airport_Passengers,9,62551.42,8,1,1
3,Airport_Passengers,10,62214.48,8,1,1
3,Airport_Passengers,11,83581.16,8,1,2
3,Airport_Passengers,12,98546.61,8,1,2
3,Airport_Passengers,13,123815.91,8,1,2
3,Airport_Passengers,14,138463.72,8,1,3
3,Airport_Passengers,15,145623.06,8,1,3
3,Airport_Passengers,16,147782.47,8,1,3
3,Airport_Passengers,17,106369.21,8,1,2
3,Airport_Passengers,18,92070.01,8,1,2
3,Airport_Passengers,19,53673.97,8,1,1
3,Airport_Passengers,20,39368.86,8,1,1
3,Airport_Passengers,21,38985.08,8,1,1
3,Airport_Passengers,22,39311.01,8,1,1
3,Airport_Passengers,23,50910.95,8,1,1
3,Airport_Passengers,24,77004.65,8,1,1
3,Airport_Passengers,25,108543.81,8,1,2
3,Airport_Passengers,26,119649.44,8,1,2
3,Airport_Passengers,27,131228.12,8,1,3
3,Airport_Passengers,28,124110.29,8,1,2
3,Airport_Passengers,29,103041.67,8,1,2
3,Airport_Passengers,30,93010.60,8,1,2
3,Airport_Passengers,31,61709.92,8,1,1
3,Airport_Passengers,32,31602.80,8,1,1
3,Airport_Passengers,33,37669.82,8,1,1
3,Airport_Passengers,34,42028.50,8,1,1
3,Airport_Passengers,35,69967.70,8,1,1
3,Airport_Passengers,36,88945.30,8,1,2
3,Airport_Passengers,37,119640.00,8,1,2
3,Airport_Passengers,38,143415.47,8,1,3
3,Airport_Passengers,39,154328.78,8,1,3
3,Airport_Passengers,40,139710.52,8,1,3
3,Airport_Passengers,41,128113.81,8,1,2
3,Airport_Passengers,42,104717.37,8,1,2
3,Airport_Passengers,43,81027.82,8,1,2
3,Airport_Passengers,44,76887.30,8,1,1
3,Airport_Passengers,45,65287.36,8,1,1
3,Airport_Passengers,46,65364.53,8,1,1
3,Airport_Passengers,47,96048.99,8,1,2
3,Airport_Passengers,48,128319.90,8,1,2
3,Airport_Passengers,49,148862.65,8,1,3
3,Airport_Passengers,50,155123.26,8,1,3
3,Airport_Passengers,51,167433.01,8,1,3
3,Airport_Passengers,52,169635.83,8,1,3
3,Airport_Passengers,53,141315.83,8,1,3
3,Airport_Passengers,54,121637.93,8,1,2
3,Airport_Passengers,55,97573.50,8,1,2
3,Airport_Passengers,56,69773.20,8,1,1
3,Airport_Passengers,57,66162.05,8,1,1
3,Airport_Passengers,58,55462.61,8,1,1
3,Airport_Passengers,59,83140.51,8,1,2
3,Airport_Passengers,60,110098.45,8,1,2
3,Airport_Passengers,61,128055.55,8,1,2
3,Airport_Passengers,62,158555.42,8,1,3
3,Airport_Passengers,63,147635.61,8,1,3
3,Airport_Passengers,64,143511.78,8,1,3
3,Airport_Passengers,65,125653.70,8,1,2
3,Airport_Passengers,66,104795.63,8,1,2
3,Airport_Passengers,67,63034.38,8,1,1
3,Airport_Passengers,68,55422.45,8,1,1
3,Airport_Passengers,69,40756.70,8,1,1
3,Airport_Passengers,70,40429.89,8,1,1
3,Airport_Passengers,71,64048.06,8,1,1
3,Airport_Passengers,72,86025.08,8,1,2
3,Airport_Passengers,73,105539.24,8,1,2
3,Airport_Passengers,74,125941.16,8,1,2
3,Airport_Passengers,75,129373.11,8,1,2
3,Airport_Passengers,76,124450.02,8,1,2
3,Airport_Passengers,77,108456.48,8,1,2
3,Airport_Passengers,78,87930.08,8,1,2
3,Airport_Passengers,79,48956.75,8,1,1
3,Airport_Passengers,80,47945.06,8,1,1
3,Airport_Passengers,81,30000.00,8,1,1
3,Airport_Passengers,82,38230.68,8,1,1
3,Airport_Passengers,83,61481.91,8,1,1
3,Airport_Passengers,84,86434.74,8,1,2
3,Airport_Passengers,85,108624.05,8,1,2
3,Airport_Passengers,86,130899.36,8,1,3
3,Airport_Passengers,87,138240.53,8,1,3
3,Airport_Passengers,88,133262.35,8,1,3
3,Airport_Passengers,89,124461.70,8,1,2
3,Airport_Passengers,90,99374.34,8,1,2
3,Airport_Passengers,91,71535.45,8,1,1
3,Airport_Passengers,92,63607.46,8,1,1
3,Airport_Passengers,93,56322.81,8,1,1
3,Airport_Passengers,94,67855.14,8,1,1
3,Airport_Passengers,95,87442.61,8,1,2
3,Airport_Passengers,96,107216.32,8,1,2
3,Airport_Passengers,97,135461.55,8,1,3
3,Airport_Passengers,98,162007.95,8,1,3
3,Airport_Passengers,99,169511.53,8,1,3
3,Airport_Passengers,100,160905.88,8,1,3
3,Airport_Passengers,101,144286.96,8,1,3
3,Airport_Passengers,102,125807.16,8,1,2
3,Airport_Passengers,103,91896.32,8,1,2
4,Store_Sales,0,5273.55,6,1,2
4,Store_Sales,1,6519.44,6,1,2
4,Store_Sales,2,7728.55,6,1,3
4,Store_Sales,3,8903.99,6,1,3
4,Store_Sales,4,8475.51,6,1,3
4,Store_Sales,5,7474.82,6,1,3
4,Store_Sales,6,6315.86,6,1,2
4,Store_Sales,7,4259.01,6,1,2
4,Store_Sales,8,3565.88,6,1,1
4,Store_Sales,9,2730.32,6,1,1
4,Store_Sales,10,3499.02,6,1,1
4,Store_Sales,11,4405.87,6,1,2
4,Store_Sales,12,6041.21,6,1,2
4,Store_Sales,13,7797.58,6,1,3
4,Store_Sales,14,8181.67,6,1,3
4,Store_Sales,15,10017.14,6,1,3
4,Store_Sales,16,8030.08,6,1,3
4,Store_Sales,17,6778.36,6,1,2
4,Store_Sales,18,6402.04,6,1,2
4,Store_Sales,19,4644.34,6,1,2
4,Store_Sales,20,3377.11,6,1,1
4,Store_Sales,21,2882.24,6,1,1
4,Store_Sales,22,2860.52,6,1,1
4,Store_Sales,23,3405.98,6,1,1
4,Store_Sales,24,5277.22,6,1,2
4,Store_Sales,25,6281.96,6,1,2
4,Store_Sales,26,8085.64,6,1,3
4,Store_Sales,27,7805.93,6,1,3
4,Store_Sales,28,6946.01,6,1,2
4,Store_Sales,29,5984.70,6,1,2
4,Store_Sales,30,4741.74,6,1,2
4,Store_Sales,31,2650.07,6,1,1
4,Store_Sales,32,1327.69,6,1,1
4,Store_Sales,33,1373.33,6,1,1
4,Store_Sales,34,1701.42,6,1,1
4,Store_Sales,35,2361.07,6,1,1
4,Store_Sales,36,3829.46,6,1,1
4,Store_Sales,37,5645.08,6,1,2
4,Store_Sales,38,5881.33,6,1,2
4,Store_Sales,39,6296.27,6,1,2
4,Store_Sales,40,6246.15,6,1,2
4,Store_Sales,41,5422.33,6,1,2
4,Store_Sales,42,4220.44,6,1,2
4,Store_Sales,43,3352.22,6,1,1
4,Store_Sales,44,2007.77,6,1,1
4,Store_Sales,45,1171.52,6,1,1
4,Store_Sales,46,1729.29,6,1,1
4,Store_Sales,47,2430.67,6,1,1
4,Store_Sales,48,4526.02,6,1,2
4,Store_Sales,49,6001.07,6,1,2
4,Store_Sales,50,7520.12,6,1,3
4,Store_Sales,51,7465.85,6,1,3
5,Water_Level,0,10.26,4,1,2
5,Water_Level,1,13.33,4,1,3
5,Water_Level,2,14.54,4,1,3
5,Water_Level,3,15.87,4,1,3
5,Water_Level,4,15.95,4,1,3
5,Water_Level,5,14.25,4,1,3
5,Water_Level,6,12.63,4,1,3
5,Water_Level,7,10.31,4,1,2
5,Water_Level,8,8.38,4,1,2
5,Water_Level,9,6.71,4,1,1
5,Water_Level,10,6.92,4,1,1
5,Water_Level,11,8.08,4,1,2
5,Water_Level,12,10.39,4,1,2
5,Water_Level,13,12.48,4,1,3
5,Water_Level,14,15.39,4,1,3
5,Water_Level,15,15.67,4,1,3
5,Water_Level,16,17.27,4,1,3
5,Water_Level,17,16.54,4,1,3
5,Water_Level,18,16.06,4,1,3
5,Water_Level,19,12.29,4,1,3
5,Water_Level,20,9.71,4,1,2
5,Water_Level,21,7.52,4,1,1
5,Water_Level,22,5.19,4,1,1
5,Water_Level,23,5.48,4,1,1
5,Water_Level,24,5.98,4,1,1
5,Water_Level,25,7.99,4,1,1
5,Water_Level,26,10.17,4,1,2
5,Water_Level,27,13.02,4,1,3
5,Water_Level,28,14.11,4,1,3
5,Water_Level,29,13.97,4,1,3
5,Water_Level,30,13.30,4,1,3
5,Water_Level,31,12.43,4,1,3
5,Water_Level,32,9.21,4,1,2
5,Water_Level,33,8.22,4,1,2
5,Water_Level,34,5.63,4,1,1
5,Water_Level,35,3.32,4,1,1
5,Water_Level,36,2.31,4,1,1
5,Water_Level,37,4.62,4,1,1
5,Water_Level,38,5.63,4,1,1
5,Water_Level,39,8.62,4,1,2
5,Water_Level,40,9.54,4,1,2
5,Water_Level,41,11.87,4,1,2
5,Water_Level,42,13.10,4,1,3
5,Water_Level,43,12.93,4,1,3
5,Water_Level,44,11.44,4,1,2
5,Water_Level,45,10.01,4,1,2
5,Water_Level,46,6.94,4,1,1
5,Water_Level,47,5.48,4,1,1
5,Water_Level,48,4.46,4,1,1
5,Water_Level,49,4.58,4,1,1
5,Water_Level,50,5.76,4,1,1
5,Water_Level,51,6.87,4,1,1
5,Water_Level,52,9.23,4,1,2
5,Water_Level,53,13.20,4,1,3
5,Water_Level,54,14.76,4,1,3
5,Water_Level,55,15.30,4,1,3
5,Water_Level,56,16.38,4,1,3
5,Water_Level,57,14.51,4,1,3
5,Water_Level,58,13.11,4,1,3
5,Water_Level,59,10.33,4,1,2
5,Water_Level,60,9.36,4,1,2
5,Water_Level,61,7.97,4,1,1
5,Water_Level,62,6.78,4,1,1
5,Water_Level,63,8.31,4,1,2
5,Water_Level,64,9.98,4,1,2
5,Water_Level,65,12.68,4,1,3
5,Water_Level,66,13.83,4,1,3
5,Water_Level,67,16.40,4,1,3
5,Water_Level,68,17.36,4,1,3
5,Water_Level,69,15.57,4,1,3
5,Water_Level,70,14.37,4,1,3
5,Water_Level,71,11.67,4,1,2
5,Water_Level,72,9.99,4,1,2
5,Water_Level,73,8.18,4,1,2
5,Water_Level,74,7.01,4,1,1
5,Water_Level,75,5.78,4,1,1
5,Water_Level,76,7.18,4,1,1
5,Water_Level,77,7.23,4,1,1
5,Water_Level,78,9.15,4,1,2
5,Water_Level,79,12.05,4,1,3
5,Water_Level,80,13.83,4,1,3
5,Water_Level,81,14.24,4,1,3
5,Water_Level,82,12.71,4,1,3
5,Water_Level,83,12.13,4,1,3
5,Water_Level,84,9.22,4,1,2
5,Water_Level,85,7.64,4,1,1
5,Water_Level,86,5.22,4,1,1
5,Water_Level,87,3.08,4,1,1
5,Water_Level,88,2.91,4,1,1
5,Water_Level,89,3.41,4,1,1
5,Water_Level,90,5.66,4,1,1
5,Water_Level,91,8.48,4,1,2
5,Water_Level,92,9.85,4,1,2
5,Water_Level,93,12.43,4,1,3
5,Water_Level,94,12.83,4,1,3
5,Water_Level,95,12.51,4,1,3
5,Water_Level,96,11.62,4,1,2
5,Water_Level,97,9.18,4,1,2
5,Water_Level,98,7.20,4,1,1
5,Water_Level,99,4.95,4,1,1
5,Water_Level,100,5.38,4,1,1
5,Water_Level,101,4.34,4,1,1
5,Water_Level,102,5.06,4,1,1
5,Water_Level,103,7.54,4,1,1
6,Power_Load,0,497.75,24,1,2
6,Power_Load,1,677.83,24,1,3
6,Power_Load,2,757.27,24,1,3
6,Power_Load,3,672.64,24,1,3
6,Power_Load,4,489.22,24,1,2
6,Power_Load,5,390.09,24,1,1
6,Power_Load,6,438.13,24,1,2
6,Power_Load,7,550.55,24,1,2
6,Power_Load,8,712.67,24,1,3
6,Power_Load,9,793.03,24,1,3
6,Power_Load,10,669.68,24,1,3
6,Power_Load,11,434.12,24,1,2
6,Power_Load,12,316.55,24,1,1
6,Power_Load,13,323.98,24,1,1
6,Power_Load,14,511.58,24,1,2
6,Power_Load,15,608.05,24,1,3
6,Power_Load,16,605.82,24,1,3
6,Power_Load,17,471.07,24,1,2
6,Power_Load,18,281.09,24,1,1
6,Power_Load,19,212.49,24,1,1
6,Power_Load,20,241.90,24,1,1
6,Power_Load,21,400.84,24,1,2
6,Power_Load,22,593.43,24,1,2
6,Power_Load,23,647.47,24,1,3
6,Power_Load,24,620.52,24,1,3
6,Power_Load,25,456.74,24,1,2
6,Power_Load,26,354.85,24,1,1
6,Power_Load,27,443.94,24,1,2
6,Power_Load,28,588.15,24,1,2
6,Power_Load,29,735.73,24,1,3
6,Power_Load,30,825.45,24,1,3
6,Power_Load,31,694.15,24,1,3
6,Power_Load,32,479.08,24,1,2
6,Power_Load,33,371.92,24,1,1
6,Power_Load,34,376.12,24,1,1
6,Power_Load,35,498.23,24,1,2
6,Power_Load,36,674.89,24,1,3
6,Power_Load,37,707.29,24,1,3
6,Power_Load,38,508.81,24,1,2
6,Power_Load,39,353.77,24,1,1
6,Power_Load,40,205.40,24,1,1
6,Power_Load,41,237.30,24,1,1
6,Power_Load,42,388.15,24,1,1
6,Power_Load,43,542.49,24,1,2
6,Power_Load,44,609.35,24,1,3
6,Power_Load,45,499.45,24,1,2
6,Power_Load,46,368.63,24,1,1
6,Power_Load,47,278.13,24,1,1
6,Power_Load,48,338.85,24,1,1
6,Power_Load,49,507.73,24,1,2
6,Power_Load,50,694.83,24,1,3
6,Power_Load,51,780.80,24,1,3
6,Power_Load,52,683.40,24,1,3
6,Power_Load,53,490.26,24,1,2
6,Power_Load,54,407.00,24,1,2
6,Power_Load,55,455.25,24,1,2
6,Power_Load,56,553.21,24,1,2
6,Power_Load,57,737.94,24,1,3
6,Power_Load,58,731.73,24,1,3
6,Power_Load,59,624.07,24,1,3
6,Power_Load,60,397.96,24,1,1
6,Power_Load,61,243.03,24,1,1
6,Power_Load,62,261.08,24,1,1
6,Power_Load,63,430.25,24,1,2
6,Power_Load,64,574.96,24,1,2
6,Power_Load,65,580.31,24,1,2
6,Power_Load,66,499.55,24,1,2
6,Power_Load,67,283.40,24,1,1
6,Power_Load,68,217.09,24,1,1
6,Power_Load,69,248.70,24,1,1
6,Power_Load,70,436.96,24,1,2
6,Power_Load,71,631.43,24,1,3
6,Power_Load,72,677.78,24,1,3
6,Power_Load,73,604.97,24,1,3
6,Power_Load,74,483.35,24,1,2
6,Power_Load,75,364.19,24,1,1
6,Power_Load,76,446.95,24,1,2
6,Power_Load,77,574.00,24,1,2
6,Power_Load,78,766.96,24,1,3
6,Power_Load,79,820.41,24,1,3
6,Power_Load,80,623.95,24,1,3
6,Power_Load,81,468.00,24,1,2
6,Power_Load,82,366.56,24,1,1
6,Power_Load,83,365.45,24,1,1
6,Power_Load,84,507.42,24,1,2
6,Power_Load,85,618.40,24,1,3
6,Power_Load,86,646.72,24,1,3
6,Power_Load,87,512.95,24,1,2
6,Power_Load,88,349.98,24,1,1
6,Power_Load,89,213.51,24,1,1
6,Power_Load,90,250.39,24,1,1
6,Power_Load,91,395.17,24,1,1
6,Power_Load,92,560.01,24,1,2
6,Power_Load,93,615.62,24,1,3
6,Power_Load,94,544.67,24,1,2
6,Power_Load,95,378.92,24,1,1
6,Power_Load,96,310.81,24,1,1
6,Power_Load,97,411.02,24,1,2
6,Power_Load,98,567.42,24,1,2
6,Power_Load,99,720.56,24,1,3
6,Power_Load,100,805.61,24,1,3
6,Power_Load,101,675.21,24,1,3
6,Power_Load,102,472.46,24,1,2
6,Power_Load,103,381.45,24,1,1
6,Power_Load,104,392.82,24,1,1
6,Power_Load,105,563.68,24,1,2
6,Power_Load,106,706.73,24,1,3
6,Power_Load,107,754.40,24,1,3
6,Power_Load,108,593.32,24,1,2
6,Power_Load,109,382.96,24,1,1
6,Power_Load,110,271.60,24,1,1
6,Power_Load,111,228.70,24,1,1
6,Power_Load,112,418.11,24,1,2
6,Power_Load,113,575.19,24,1,2
6,Power_Load,114,565.41,24,1,2
6,Power_Load,115,513.06,24,1,2
6,Power_Load,116,333.39,24,1,1
6,Power_Load,117,226.00,24,1,1
6,Power_Load,118,306.29,24,1,1
6,Power_Load,119,519.53,24,1,2
6,Power_Load,120,660.00,24,1,3
6,Power_Load,121,725.83,24,1,3
6,Power_Load,122,627.59,24,1,3
6,Power_Load,123,466.94,24,1,2
6,Power_Load,124,408.22,24,1,2
6,Power_Load,125,423.10,24,1,2
6,Power_Load,126,601.43,24,1,3
6,Power_Load,127,743.41,24,1,3
6,Power_Load,128,791.17,24,1,3
6,Power_Load,129,664.16,24,1,3
6,Power_Load,130,483.97,24,1,2
6,Power_Load,131,320.70,24,1,1
6,Power_Load,132,338.24,24,1,1
6,Power_Load,133,454.54,24,1,2
6,Power_Load,134,597.48,24,1,2
6,Power_Load,135,631.82,24,1,3
6,Power_Load,136,515.31,24,1,2
6,Power_Load,137,298.19,24,1,1
6,Power_Load,138,222.41,24,1,1
6,Power_Load,139,274.15,24,1,1
6,Power_Load,140,421.67,24,1,2
6,Power_Load,141,623.19,24,1,3
6,Power_Load,142,629.51,24,1,3
6,Power_Load,143,536.00,24,1,2
6,Power_Load,144,377.65,24,1,1
6,Power_Load,145,360.82,24,1,1
6,Power_Load,146,406.72,24,1,2
6,Power_Load,147,569.60,24,1,2
6,Power_Load,148,748.57,24,1,3
6,Power_Load,149,769.07,24,1,3
6,Power_Load,150,735.69,24,1,3
6,Power_Load,151,512.40,24,1,2
6,Power_Load,152,393.80,24,1,1
6,Power_Load,153,428.86,24,1,2
6,Power_Load,154,559.62,24,1,2
6,Power_Load,155,686.73,24,1,3
6,Power_Load,156,679.18,24,1,3
6,Power_Load,157,570.32,24,1,2
6,Power_Load,158,400.86,24,1,2
6,Power_Load,159,261.21,24,1,1
6,Power_Load,160,288.89,24,1,1
6,Power_Load,161,393.18,24,1,1
6,Power_Load,162,536.57,24,1,2
6,Power_Load,163,595.88,24,1,2
6,Power_Load,164,501.29,24,1,2
6,Power_Load,165,364.40,24,1,1
6,Power_Load,166,221.17,24,1,1
6,Power_Load,167,348.34,24,1,1
7,Internet_Bandwidth,0,495.26,6,1,2
7,Internet_Bandwidth,1,570.45,6,1,2
7,Internet_Bandwidth,2,630.85,6,1,2
7,Internet_Bandwidth,3,679.28,6,1,3
7,Internet_Bandwidth,4,806.86,6,1,3
7,Internet_Bandwidth,5,819.86,6,1,3
7,Internet_Bandwidth,6,794.68,6,1,3
7,Internet_Bandwidth,7,789.75,6,1,3
7,Internet_Bandwidth,8,793.95,6,1,3
7,Internet_Bandwidth,9,811.74,6,1,3
7,Internet_Bandwidth,10,697.01,6,1,3
7,Internet_Bandwidth,11,592.54,6,1,2
7,Internet_Bandwidth,12,557.71,6,1,2
7,Internet_Bandwidth,13,484.26,6,1,2
7,Internet_Bandwidth,14,344.09,6,1,1
7,Internet_Bandwidth,15,366.04,6,1,1
7,Internet_Bandwidth,16,317.76,6,1,1
7,Internet_Bandwidth,17,320.18,6,1,1
7,Internet_Bandwidth,18,348.99,6,1,1
7,Internet_Bandwidth,19,341.86,6,1,1
7,Internet_Bandwidth,20,334.15,6,1,1
7,Internet_Bandwidth,21,360.74,6,1,1
7,Internet_Bandwidth,22,537.16,6,1,2
7,Internet_Bandwidth,23,537.83,6,1,2
7,Internet_Bandwidth,24,617.69,6,1,2
7,Internet_Bandwidth,25,697.61,6,1,3
7,Internet_Bandwidth,26,779.88,6,1,3
7,Internet_Bandwidth,27,834.81,6,1,3
7,Internet_Bandwidth,28,872.50,6,1,3
7,Internet_Bandwidth,29,905.99,6,1,3
7,Internet_Bandwidth,30,934.16,6,1,3
7,Internet_Bandwidth,31,910.96,6,1,3
7,Internet_Bandwidth,32,878.05,6,1,3
7,Internet_Bandwidth,33,856.91,6,1,3
7,Internet_Bandwidth,34,785.69,6,1,3
7,Internet_Bandwidth,35,767.65,6,1,3
7,Internet_Bandwidth,36,566.71,6,1,2
7,Internet_Bandwidth,37,602.48,6,1,2
7,Internet_Bandwidth,38,535.71,6,1,2
7,Internet_Bandwidth,39,374.72,6,1,1
7,Internet_Bandwidth,40,379.49,6,1,1
7,Internet_Bandwidth,41,348.97,6,1,1
7,Internet_Bandwidth,42,307.77,6,1,1
7,Internet_Bandwidth,43,336.78,6,1,1
7,Internet_Bandwidth,44,356.46,6,1,1
7,Internet_Bandwidth,45,489.49,6,1,2
7,Internet_Bandwidth,46,526.39,6,1,2
7,Internet_Bandwidth,47,607.89,6,1,2
7,Internet_Bandwidth,48,667.89,6,1,3
7,Internet_Bandwidth,49,688.66,6,1,3
7,Internet_Bandwidth,50,777.60,6,1,3
7,Internet_Bandwidth,51,868.40,6,1,3
7,Internet_Bandwidth,52,862.77,6,1,3
7,Internet_Bandwidth,53,948.65,6,1,3
7,Internet_Bandwidth,54,927.94,6,1,3
7,Internet_Bandwidth,55,911.15,6,1,3
7,Internet_Bandwidth,56,911.04,6,1,3
7,Internet_Bandwidth,57,852.47,6,1,3
7,Internet_Bandwidth,58,763.11,6,1,3
7,Internet_Bandwidth,59,733.12,6,1,3
7,Internet_Bandwidth,60,584.84,6,1,2
7,Internet_Bandwidth,61,554.53,6,1,2
7,Internet_Bandwidth,62,477.75,6,1,2
7,Internet_Bandwidth,63,384.65,6,1,1
7,Internet_Bandwidth,64,352.00,6,1,1
7,Internet_Bandwidth,65,270.53,6,1,1
7,Internet_Bandwidth,66,321.24,6,1,1
7,Internet_Bandwidth,67,293.75,6,1,1
7,Internet_Bandwidth,68,309.01,6,1,1
7,Internet_Bandwidth,69,399.14,6,1,1
7,Internet_Bandwidth,70,403.87,6,1,2
7,Internet_Bandwidth,71,450.19,6,1,2
7,Internet_Bandwidth,72,518.38,6,1,2
7,Internet_Bandwidth,73,655.81,6,1,3
7,Internet_Bandwidth,74,666.39,6,1,3
7,Internet_Bandwidth,75,814.32,6,1,3
7,Internet_Bandwidth,76,741.56,6,1,3
7,Internet_Bandwidth,77,879.49,6,1,3
7,Internet_Bandwidth,78,839.71,6,1,3
7,Internet_Bandwidth,79,814.76,6,1,3
7,Internet_Bandwidth,80,765.82,6,1,3
7,Internet_Bandwidth,81,740.90,6,1,3
7,Internet_Bandwidth,82,660.08,6,1,3
7,Internet_Bandwidth,83,616.35,6,1,2
7,Internet_Bandwidth,84,503.43,6,1,2
7,Internet_Bandwidth,85,421.25,6,1,2
7,Internet_Bandwidth,86,327.88,6,1,1
7,Internet_Bandwidth,87,269.36,6,1,1
7,Internet_Bandwidth,88,227.07,6,1,1
7,Internet_Bandwidth,89,131.03,6,1,1
7,Internet_Bandwidth,90,126.18,6,1,1
7,Internet_Bandwidth,91,193.70,6,1,1
7,Internet_Bandwidth,92,201.11,6,1,1
7,Internet_Bandwidth,93,232.81,6,1,1
7,Internet_Bandwidth,94,295.75,6,1,1
7,Internet_Bandwidth,95,372.80,6,1,1
7,Internet_Bandwidth,96,418.72,6,1,2
7,Internet_Bandwidth,97,484.21,6,1,2
7,Internet_Bandwidth,98,580.88,6,1,2
7,Internet_Bandwidth,99,602.98,6,1,2
7,Internet_Bandwidth,100,687.56,6,1,3
7,Internet_Bandwidth,101,649.63,6,1,2
7,Internet_Bandwidth,102,737.35,6,1,3
7,Internet_Bandwidth,103,706.11,6,1,3
7,Internet_Bandwidth,104,665.46,6,1,3
7,Internet_Bandwidth,105,635.55,6,1,2
7,Internet_Bandwidth,106,590.01,6,1,2
7,Internet_Bandwidth,107,494.38,6,1,2
7,Internet_Bandwidth,108,327.50,6,1,1
7,Internet_Bandwidth,109,263.28,6,1,1
7,Internet_Bandwidth,110,207.32,6,1,1
7,Internet_Bandwidth,111,161.64,6,1,1
7,Internet_Bandwidth,112,125.82,6,1,1
7,Internet_Bandwidth,113,55.83,6,1,1
7,Internet_Bandwidth,114,70.46,6,1,1
7,Internet_Bandwidth,115,50.08,6,1,1
7,Internet_Bandwidth,116,82.22,6,1,1
7,Internet_Bandwidth,117,104.09,6,1,1
7,Internet_Bandwidth,118,178.97,6,1,1
7,Internet_Bandwidth,119,236.91,6,1,1
7,Internet_Bandwidth,120,324.48,6,1,1
7,Internet_Bandwidth,121,461.87,6,1,2
7,Internet_Bandwidth,122,473.19,6,1,2
7,Internet_Bandwidth,123,642.05,6,1,2
7,Internet_Bandwidth,124,625.03,6,1,2
7,Internet_Bandwidth,125,645.43,6,1,2
7,Internet_Bandwidth,126,624.25,6,1,2
7,Internet_Bandwidth,127,660.89,6,1,3
7,Internet_Bandwidth,128,592.96,6,1,2
7,Internet_Bandwidth,129,566.74,6,1,2
7,Internet_Bandwidth,130,578.48,6,1,2
7,Internet_Bandwidth,131,427.38,6,1,2
7,Internet_Bandwidth,132,388.24,6,1,1
7,Internet_Bandwidth,133,256.37,6,1,1
7,Internet_Bandwidth,134,205.61,6,1,1
7,Internet_Bandwidth,135,199.41,6,1,1
7,Internet_Bandwidth,136,81.75,6,1,1
7,Internet_Bandwidth,137,127.11,6,1,1
7,Internet_Bandwidth,138,86.09,6,1,1
7,Internet_Bandwidth,139,60.73,6,1,1
7,Internet_Bandwidth,140,129.26,6,1,1
7,Internet_Bandwidth,141,190.04,6,1,1
7,Internet_Bandwidth,142,244.72,6,1,1
7,Internet_Bandwidth,143,254.56,6,1,1
7,Internet_Bandwidth,144,360.91,6,1,1
7,Internet_Bandwidth,145,456.52,6,1,2
7,Internet_Bandwidth,146,537.81,6,1,2
7,Internet_Bandwidth,147,624.69,6,1,2
7,Internet_Bandwidth,148,663.11,6,1,3
7,Internet_Bandwidth,149,651.87,6,1,3
7,Internet_Bandwidth,150,717.88,6,1,3
7,Internet_Bandwidth,151,719.02,6,1,3
7,Internet_Bandwidth,152,692.10,6,1,3
7,Internet_Bandwidth,153,664.75,6,1,3
7,Internet_Bandwidth,154,600.02,6,1,2
7,Internet_Bandwidth,155,521.33,6,1,2
7,Internet_Bandwidth,156,432.81,6,1,2
7,Internet_Bandwidth,157,312.54,6,1,1
7,Internet_Bandwidth,158,308.09,6,1,1
7,Internet_Bandwidth,159,244.56,6,1,1
7,Internet_Bandwidth,160,204.13,6,1,1
7,Internet_Bandwidth,161,133.10,6,1,1
7,Internet_Bandwidth,162,134.19,6,1,1
7,Internet_Bandwidth,163,213.93,6,1,1
7,Internet_Bandwidth,164,216.65,6,1,1
7,Internet_Bandwidth,165,291.52,6,1,1
7,Internet_Bandwidth,166,339.64,6,1,1
7,Internet_Bandwidth,167,417.64,6,1,2
7,Internet_Bandwidth,168,528.15,6,1,2
7,Internet_Bandwidth,169,567.77,6,1,2
7,Internet_Bandwidth,170,664.09,6,1,3
7,Internet_Bandwidth,171,715.06,6,1,3
7,Internet_Bandwidth,172,769.13,6,1,3
7,Internet_Bandwidth,173,808.39,6,1,3
7,Internet_Bandwidth,174,840.04,6,1,3
7,Internet_Bandwidth,175,814.24,6,1,3
7,Internet_Bandwidth,176,841.69,6,1,3
7,Internet_Bandwidth,177,734.84,6,1,3
7,Internet_Bandwidth,178,699.20,6,1,3
7,Internet_Bandwidth,179,624.44,6,1,2
7,Internet_Bandwidth,180,608.49,6,1,2
7,Internet_Bandwidth,181,498.34,6,1,2
7,Internet_Bandwidth,182,455.96,6,1,2
7,Internet_Bandwidth,183,323.11,6,1,1
7,Internet_Bandwidth,184,332.70,6,1,1
7,Internet_Bandwidth,185,325.98,6,1,1
7,Internet_Bandwidth,186,295.99,6,1,1
7,Internet_Bandwidth,187,340.03,6,1,1
7,Internet_Bandwidth,188,326.70,6,1,1
7,Internet_Bandwidth,189,436.21,6,1,2
7,Internet_Bandwidth,190,528.92,6,1,2
7,Internet_Bandwidth,191,525.16,6,1,2
7,Internet_Bandwidth,192,603.91,6,1,2
7,Internet_Bandwidth,193,741.94,6,1,3
7,Internet_Bandwidth,194,821.32,6,1,3
7,Internet_Bandwidth,195,823.45,6,1,3
7,Internet_Bandwidth,196,877.11,6,1,3
7,Internet_Bandwidth,197,913.94,6,1,3
7,Internet_Bandwidth,198,894.81,6,1,3
7,Internet_Bandwidth,199,899.70,6,1,3
7,Internet_Bandwidth,200,869.31,6,1,3
7,Internet_Bandwidth,201,830.68,6,1,3
7,Internet_Bandwidth,202,792.30,6,1,3
7,Internet_Bandwidth,203,729.56,6,1,3
7,Internet_Bandwidth,204,692.75,6,1,3
7,Internet_Bandwidth,205,539.79,6,1,2
7,Internet_Bandwidth,206,527.85,6,1,2
7,Internet_Bandwidth,207,430.51,6,1,2
7,Internet_Bandwidth,208,388.29,6,1,1
7,Internet_Bandwidth,209,380.36,6,1,1
7,Internet_Bandwidth,210,316.32,6,1,1
7,Internet_Bandwidth,211,371.59,6,1,1
7,Internet_Bandwidth,212,394.77,6,1,1
7,Internet_Bandwidth,213,451.70,6,1,2
7,Internet_Bandwidth,214,507.00,6,1,2
7,Internet_Bandwidth,215,643.40,6,1,2
7,Internet_Bandwidth,216,627.11,6,1,2
7,Internet_Bandwidth,217,706.60,6,1,3
7,Internet_Bandwidth,218,774.64,6,1,3
7,Internet_Bandwidth,219,837.05,6,1,3
7,Internet_Bandwidth,220,880.32,6,1,3
7,Internet_Bandwidth,221,962.93,6,1,3
7,Internet_Bandwidth,222,977.76,6,1,3
7,Internet_Bandwidth,223,905.27,6,1,3
7,Internet_Bandwidth,224,864.74,6,1,3
7,Internet_Bandwidth,225,853.28,6,1,3
7,Internet_Bandwidth,226,757.37,6,1,3
7,Internet_Bandwidth,227,717.32,6,1,3
7,Internet_Bandwidth,228,623.36,6,1,2
7,Internet_Bandwidth,229,490.58,6,1,2
7,Internet_Bandwidth,230,506.38,6,1,2
7,Internet_Bandwidth,231,447.81,6,1,2
7,Internet_Bandwidth,232,323.83,6,1,1
7,Internet_Bandwidth,233,296.43,6,1,1
7,Internet_Bandwidth,234,302.10,6,1,1
7,Internet_Bandwidth,235,309.33,6,1,1
7,Internet_Bandwidth,236,344.45,6,1,1
7,Internet_Bandwidth,237,427.98,6,1,2
7,Internet_Bandwidth,238,419.69,6,1,2
7,Internet_Bandwidth,239,468.50,6,1,2
7,Internet_Bandwidth,240,523.70,6,1,2
7,Internet_Bandwidth,241,615.70,6,1,2
7,Internet_Bandwidth,242,703.81,6,1,3
7,Internet_Bandwidth,243,815.51,6,1,3
7,Internet_Bandwidth,244,788.49,6,1,3
7,Internet_Bandwidth,245,835.31,6,1,3
7,Internet_Bandwidth,246,832.89,6,1,3
7,Internet_Bandwidth,247,853.32,6,1,3
7,Internet_Bandwidth,248,857.97,6,1,3
7,Internet_Bandwidth,249,713.00,6,1,3
7,Internet_Bandwidth,250,646.53,6,1,2
7,Internet_Bandwidth,251,614.58,6,1,2
7,Internet_Bandwidth,252,520.46,6,1,2
7,Internet_Bandwidth,253,472.15,6,1,2
7,Internet_Bandwidth,254,356.31,6,1,1
7,Internet_Bandwidth,255,260.29,6,1,1
7,Internet_Bandwidth,256,235.56,6,1,1
7,Internet_Bandwidth,257,215.60,6,1,1
7,Internet_Bandwidth,258,191.24,6,1,1
7,Internet_Bandwidth,259,186.62,6,1,1
7,Internet_Bandwidth,260,227.98,6,1,1
7,Internet_Bandwidth,261,273.40,6,1,1
7,Internet_Bandwidth,262,336.66,6,1,1
7,Internet_Bandwidth,263,381.83,6,1,1
7,Internet_Bandwidth,264,429.90,6,1,2
7,Internet_Bandwidth,265,511.96,6,1,2
7,Internet_Bandwidth,266,611.20,6,1,2
7,Internet_Bandwidth,267,607.82,6,1,2
7,Internet_Bandwidth,268,686.37,6,1,3
7,Internet_Bandwidth,269,688.90,6,1,3
7,Internet_Bandwidth,270,707.34,6,1,3
7,Internet_Bandwidth,271,730.29,6,1,3
7,Internet_Bandwidth,272,663.51,6,1,3
7,Internet_Bandwidth,273,607.46,6,1,2
7,Internet_Bandwidth,274,499.25,6,1,2
7,Internet_Bandwidth,275,486.34,6,1,2
7,Internet_Bandwidth,276,402.09,6,1,2
7,Internet_Bandwidth,277,366.56,6,1,1
7,Internet_Bandwidth,278,216.83,6,1,1
7,Internet_Bandwidth,279,167.43,6,1,1
7,Internet_Bandwidth,280,117.77,6,1,1
7,Internet_Bandwidth,281,124.93,6,1,1
7,Internet_Bandwidth,282,62.00,6,1,1
7,Internet_Bandwidth,283,81.11,6,1,1
7,Internet_Bandwidth,284,118.80,6,1,1
7,Internet_Bandwidth,285,151.88,6,1,1
7,Internet_Bandwidth,286,193.27,6,1,1
7,Internet_Bandwidth,287,283.29,6,1,1
7,Internet_Bandwidth,288,385.97,6,1,1
7,Internet_Bandwidth,289,399.47,6,1,1
7,Internet_Bandwidth,290,505.66,6,1,2
7,Internet_Bandwidth,291,542.07,6,1,2
7,Internet_Bandwidth,292,646.08,6,1,2
7,Internet_Bandwidth,293,594.19,6,1,2
7,Internet_Bandwidth,294,633.23,6,1,2
7,Internet_Bandwidth,295,651.20,6,1,3
7,Internet_Bandwidth,296,657.19,6,1,3
7,Internet_Bandwidth,297,561.10,6,1,2
7,Internet_Bandwidth,298,485.02,6,1,2
7,Internet_Bandwidth,299,486.70,6,1,2
7,Internet_Bandwidth,300,310.32,6,1,1
7,Internet_Bandwidth,301,211.50,6,1,1
7,Internet_Bandwidth,302,219.86,6,1,1
7,Internet_Bandwidth,303,131.22,6,1,1
7,Internet_Bandwidth,304,69.92,6,1,1
7,Internet_Bandwidth,305,93.99,6,1,1
7,Internet_Bandwidth,306,72.17,6,1,1
7,Internet_Bandwidth,307,60.68,6,1,1
7,Internet_Bandwidth,308,71.88,6,1,1
7,Internet_Bandwidth,309,187.03,6,1,1
7,Internet_Bandwidth,310,245.57,6,1,1
7,Internet_Bandwidth,311,298.69,6,1,1
7,Internet_Bandwidth,312,438.12,6,1,2
7,Internet_Bandwidth,313,431.85,6,1,2
7,Internet_Bandwidth,314,494.28,6,1,2
7,Internet_Bandwidth,315,585.31,6,1,2
7,Internet_Bandwidth,316,656.41,6,1,3
7,Internet_Bandwidth,317,699.23,6,1,3
7,Internet_Bandwidth,318,699.24,6,1,3
7,Internet_Bandwidth,319,711.27,6,1,3
7,Internet_Bandwidth,320,637.76,6,1,2
7,Internet_Bandwidth,321,675.64,6,1,3
7,Internet_Bandwidth,322,572.54,6,1,2
7,Internet_Bandwidth,323,541.07,6,1,2
7,Internet_Bandwidth,324,445.20,6,1,2
7,Internet_Bandwidth,325,376.07,6,1,1
7,Internet_Bandwidth,326,312.29,6,1,1
7,Internet_Bandwidth,327,251.76,6,1,1
7,Internet_Bandwidth,328,215.26,6,1,1
7,Internet_Bandwidth,329,211.27,6,1,1
7,Internet_Bandwidth,330,172.52,6,1,1
7,Internet_Bandwidth,331,203.61,6,1,1
7,Internet_Bandwidth,332,215.14,6,1,1
7,Internet_Bandwidth,333,314.28,6,1,1
7,Internet_Bandwidth,334,318.50,6,1,1
7,Internet_Bandwidth,335,470.77,6,1,2
8,Disease_Cases,0,49.00,8,1,1
8,Disease_Cases,1,61.00,8,1,2
8,Disease_Cases,2,99.00,8,1,2
8,Disease_Cases,3,108.00,8,1,2
8,Disease_Cases,4,132.00,8,1,2
8,Disease_Cases,5,120.00,8,1,2
8,Disease_Cases,6,119.00,8,1,2
8,Disease_Cases,7,98.00,8,1,2
8,Disease_Cases,8,107.00,8,1,2
8,Disease_Cases,9,86.00,8,1,2
8,Disease_Cases,10,97.00,8,1,2
8,Disease_Cases,11,130.00,8,1,2
8,Disease_Cases,12,143.00,8,1,2
8,Disease_Cases,13,154.00,8,1,3
8,Disease_Cases,14,153.00,8,1,3
8,Disease_Cases,15,171.00,8,1,3
8,Disease_Cases,16,173.00,8,1,3
8,Disease_Cases,17,155.00,8,1,3
8,Disease_Cases,18,167.00,8,1,3
8,Disease_Cases,19,140.00,8,1,2
8,Disease_Cases,20,106.00,8,1,2
8,Disease_Cases,21,87.00,8,1,2
8,Disease_Cases,22,70.00,8,1,2
8,Disease_Cases,23,35.00,8,1,1
8,Disease_Cases,24,46.00,8,1,1
8,Disease_Cases,25,41.00,8,1,1
8,Disease_Cases,26,39.00,8,1,1
8,Disease_Cases,27,49.00,8,1,1
8,Disease_Cases,28,68.00,8,1,2
8,Disease_Cases,29,50.00,8,1,2
8,Disease_Cases,30,25.00,8,1,1
8,Disease_Cases,31,18.00,8,1,1
8,Disease_Cases,32,5.00,8,1,1
8,Disease_Cases,33,5.00,8,1,1
8,Disease_Cases,34,5.00,8,1,1
8,Disease_Cases,35,5.00,8,1,1
8,Disease_Cases,36,5.00,8,1,1
8,Disease_Cases,37,5.00,8,1,1
8,Disease_Cases,38,5.00,8,1,1
8,Disease_Cases,39,5.00,8,1,1
8,Disease_Cases,40,5.00,8,1,1
8,Disease_Cases,41,5.00,8,1,1
8,Disease_Cases,42,5.00,8,1,1
8,Disease_Cases,43,5.00,8,1,1
8,Disease_Cases,44,8.00,8,1,1
8,Disease_Cases,45,5.00,8,1,1
8,Disease_Cases,46,5.00,8,1,1
8,Disease_Cases,47,5.00,8,1,1
8,Disease_Cases,48,5.00,8,1,1
8,Disease_Cases,49,5.00,8,1,1
8,Disease_Cases,50,5.00,8,1,1
8,Disease_Cases,51,28.00,8,1,1
8,Disease_Cases,52,55.00,8,1,2
8,Disease_Cases,53,70.00,8,1,2
8,Disease_Cases,54,98.00,8,1,2
8,Disease_Cases,55,136.00,8,1,2
8,Disease_Cases,56,141.00,8,1,2
8,Disease_Cases,57,131.00,8,1,2
8,Disease_Cases,58,123.00,8,1,2
8,Disease_Cases,59,118.00,8,1,2
8,Disease_Cases,60,118.00,8,1,2
8,Disease_Cases,61,100.00,8,1,2
8,Disease_Cases,62,111.00,8,1,2
8,Disease_Cases,63,105.00,8,1,2
8,Disease_Cases,64,139.00,8,1,2
8,Disease_Cases,65,156.00,8,1,3
8,Disease_Cases,66,158.00,8,1,3
8,Disease_Cases,67,187.00,8,1,3
8,Disease_Cases,68,161.00,8,1,3
8,Disease_Cases,69,151.00,8,1,3
8,Disease_Cases,70,154.00,8,1,3
8,Disease_Cases,71,142.00,8,1,2
8,Disease_Cases,72,125.00,8,1,2
8,Disease_Cases,73,82.00,8,1,2
8,Disease_Cases,74,79.00,8,1,2
8,Disease_Cases,75,55.00,8,1,2
8,Disease_Cases,76,47.00,8,1,1
8,Disease_Cases,77,56.00,8,1,2
8,Disease_Cases,78,56.00,8,1,2
8,Disease_Cases,79,36.00,8,1,1
8,Disease_Cases,80,65.00,8,1,2
8,Disease_Cases,81,58.00,8,1,2
8,Disease_Cases,82,25.00,8,1,1
8,Disease_Cases,83,17.00,8,1,1
8,Disease_Cases,84,5.00,8,1,1
8,Disease_Cases,85,5.00,8,1,1
8,Disease_Cases,86,5.00,8,1,1
8,Disease_Cases,87,5.00,8,1,1
8,Disease_Cases,88,5.00,8,1,1
8,Disease_Cases,89,5.00,8,1,1
8,Disease_Cases,90,5.00,8,1,1
8,Disease_Cases,91,5.00,8,1,1
8,Disease_Cases,92,5.00,8,1,1
8,Disease_Cases,93,5.00,8,1,1
8,Disease_Cases,94,5.00,8,1,1
8,Disease_Cases,95,5.00,8,1,1
8,Disease_Cases,96,5.00,8,1,1
8,Disease_Cases,97,5.00,8,1,1
8,Disease_Cases,98,5.00,8,1,1
8,Disease_Cases,99,5.00,8,1,1
8,Disease_Cases,100,5.00,8,1,1
8,Disease_Cases,101,5.00,8,1,1
8,Disease_Cases,102,5.00,8,1,1
8,Disease_Cases,103,28.00,8,1,1
9,EUR_USD_Exchange,0,1.00,5,1,2
9,EUR_USD_Exchange,1,1.00,5,1,2
9,EUR_USD_Exchange,2,1.00,5,1,2
9,EUR_USD_Exchange,3,1.01,5,1,2
9,EUR_USD_Exchange,4,1.02,5,1,2
9,EUR_USD_Exchange,5,1.02,5,1,2
9,EUR_USD_Exchange,6,1.02,5,1,2
9,EUR_USD_Exchange,7,1.03,5,1,2
9,EUR_USD_Exchange,8,1.03,5,1,2
9,EUR_USD_Exchange,9,1.03,5,1,2
9,EUR_USD_Exchange,10,1.03,5,1,2
9,EUR_USD_Exchange,11,1.03,5,1,2
9,EUR_USD_Exchange,12,1.03,5,1,2
9,EUR_USD_Exchange,13,1.03,5,1,2
9,EUR_USD_Exchange,14,1.02,5,1,2
9,EUR_USD_Exchange,15,1.02,5,1,2
9,EUR_USD_Exchange,16,1.01,5,1,2
9,EUR_USD_Exchange,17,1.01,5,1,2
9,EUR_USD_Exchange,18,1.01,5,1,2
9,EUR_USD_Exchange,19,1.01,5,1,2
9,EUR_USD_Exchange,20,1.00,5,1,2
9,EUR_USD_Exchange,21,1.01,5,1,2
9,EUR_USD_Exchange,22,1.01,5,1,2
9,EUR_USD_Exchange,23,1.01,5,1,2
9,EUR_USD_Exchange,24,1.01,5,1,2
9,EUR_USD_Exchange,25,1.00,5,1,2
9,EUR_USD_Exchange,26,1.01,5,1,2
9,EUR_USD_Exchange,27,1.00,5,1,2
9,EUR_USD_Exchange,28,1.00,5,1,2
9,EUR_USD_Exchange,29,1.00,5,1,2
9,EUR_USD_Exchange,30,1.00,5,1,2
9,EUR_USD_Exchange,31,1.00,5,1,1
9,EUR_USD_Exchange,32,1.01,5,1,2
9,EUR_USD_Exchange,33,1.01,5,1,2
9,EUR_USD_Exchange,34,1.01,5,1,2
9,EUR_USD_Exchange,35,1.01,5,1,2
9,EUR_USD_Exchange,36,1.01,5,1,2
9,EUR_USD_Exchange,37,1.01,5,1,2
9,EUR_USD_Exchange,38,1.00,5,1,1
9,EUR_USD_Exchange,39,0.99,5,1,1
9,EUR_USD_Exchange,40,1.00,5,1,1
9,EUR_USD_Exchange,41,1.00,5,1,2
9,EUR_USD_Exchange,42,1.00,5,1,2
9,EUR_USD_Exchange,43,1.00,5,1,2
9,EUR_USD_Exchange,44,1.00,5,1,2
9,EUR_USD_Exchange,45,1.00,5,1,1
9,EUR_USD_Exchange,46,0.99,5,1,1
9,EUR_USD_Exchange,47,0.99,5,1,1
9,EUR_USD_Exchange,48,1.00,5,1,1
9,EUR_USD_Exchange,49,1.00,5,1,2
9,EUR_USD_Exchange,50,0.99,5,1,1
9,EUR_USD_Exchange,51,1.00,5,1,1
9,EUR_USD_Exchange,52,1.00,5,1,1
9,EUR_USD_Exchange,53,0.99,5,1,1
9,EUR_USD_Exchange,54,1.00,5,1,1
9,EUR_USD_Exchange,55,1.00,5,1,2
9,EUR_USD_Exchange,56,1.01,5,1,2
9,EUR_USD_Exchange,57,1.01,5,1,2
9,EUR_USD_Exchange,58,1.01,5,1,2
9,EUR_USD_Exchange,59,1.01,5,1,2
9,EUR_USD_Exchange,60,1.01,5,1,2
9,EUR_USD_Exchange,61,1.01,5,1,2
9,EUR_USD_Exchange,62,1.01,5,1,2
9,EUR_USD_Exchange,63,1.01,5,1,2
9,EUR_USD_Exchange,64,1.00,5,1,2
9,EUR_USD_Exchange,65,1.01,5,1,2
9,EUR_USD_Exchange,66,1.02,5,1,2
9,EUR_USD_Exchange,67,1.02,5,1,2
9,EUR_USD_Exchange,68,1.02,5,1,2
9,EUR_USD_Exchange,69,1.03,5,1,2
9,EUR_USD_Exchange,70,1.02,5,1,2
9,EUR_USD_Exchange,71,1.03,5,1,2
9,EUR_USD_Exchange,72,1.03,5,1,2
9,EUR_USD_Exchange,73,1.04,5,1,2
9,EUR_USD_Exchange,74,1.04,5,1,2
9,EUR_USD_Exchange,75,1.03,5,1,2
9,EUR_USD_Exchange,76,1.04,5,1,2
9,EUR_USD_Exchange,77,1.04,5,1,2
9,EUR_USD_Exchange,78,1.04,5,1,2
9,EUR_USD_Exchange,79,1.04,5,1,2
9,EUR_USD_Exchange,80,1.03,5,1,2
9,EUR_USD_Exchange,81,1.03,5,1,2
9,EUR_USD_Exchange,82,1.03,5,1,2
9,EUR_USD_Exchange,83,1.04,5,1,2
9,EUR_USD_Exchange,84,1.04,5,1,2
9,EUR_USD_Exchange,85,1.04,5,1,2
9,EUR_USD_Exchange,86,1.04,5,1,2
9,EUR_USD_Exchange,87,1.04,5,1,2
9,EUR_USD_Exchange,88,1.04,5,1,2
9,EUR_USD_Exchange,89,1.04,5,1,2
9,EUR_USD_Exchange,90,1.05,5,1,2
9,EUR_USD_Exchange,91,1.05,5,1,2
9,EUR_USD_Exchange,92,1.05,5,1,2
9,EUR_USD_Exchange,93,1.05,5,1,2
9,EUR_USD_Exchange,94,1.05,5,1,2
9,EUR_USD_Exchange,95,1.05,5,1,2
9,EUR_USD_Exchange,96,1.04,5,1,2
9,EUR_USD_Exchange,97,1.04,5,1,2
9,EUR_USD_Exchange,98,1.05,5,1,2
9,EUR_USD_Exchange,99,1.05,5,1,2
9,EUR_USD_Exchange,100,1.05,5,1,2
10,Website_Visits,0,858.00,7,1,2
10,Website_Visits,1,1312.00,7,1,3
10,Website_Visits,2,1437.00,7,1,3
10,Website_Visits,3,1210.00,7,1,3
10,Website_Visits,4,958.00,7,1,2
10,Website_Visits,5,823.00,7,1,2
10,Website_Visits,6,1066.00,7,1,2
10,Website_Visits,7,1216.00,7,1,3
10,Website_Visits,8,1537.00,7,1,3
10,Website_Visits,9,1572.00,7,1,3
10,Website_Visits,10,1154.00,7,1,2
10,Website_Visits,11,972.00,7,1,2
10,Website_Visits,12,733.00,7,1,1
10,Website_Visits,13,1014.00,7,1,2
10,Website_Visits,14,1022.00,7,1,2
10,Website_Visits,15,1342.00,7,1,3
10,Website_Visits,16,1344.00,7,1,3
10,Website_Visits,17,975.00,7,1,2
10,Website_Visits,18,823.00,7,1,2
10,Website_Visits,19,536.00,7,1,1
10,Website_Visits,20,593.00,7,1,1
10,Website_Visits,21,718.00,7,1,1
10,Website_Visits,22,1254.00,7,1,3
10,Website_Visits,23,1050.00,7,1,2
10,Website_Visits,24,1042.00,7,1,2
10,Website_Visits,25,872.00,7,1,2
10,Website_Visits,26,362.00,7,1,1
10,Website_Visits,27,513.00,7,1,1
10,Website_Visits,28,928.00,7,1,2
10,Website_Visits,29,1220.00,7,1,3
10,Website_Visits,30,1234.00,7,1,3
10,Website_Visits,31,1221.00,7,1,3
10,Website_Visits,32,801.00,7,1,2
10,Website_Visits,33,774.00,7,1,1
10,Website_Visits,34,743.00,7,1,1
10,Website_Visits,35,1328.00,7,1,3
10,Website_Visits,36,1424.00,7,1,3
10,Website_Visits,37,1556.00,7,1,3
10,Website_Visits,38,1453.00,7,1,3
10,Website_Visits,39,893.00,7,1,2
10,Website_Visits,40,805.00,7,1,2
10,Website_Visits,41,966.00,7,1,2
10,Website_Visits,42,956.00,7,1,2
10,Website_Visits,43,1412.00,7,1,3
10,Website_Visits,44,1457.00,7,1,3
10,Website_Visits,45,1251.00,7,1,3
10,Website_Visits,46,661.00,7,1,1
10,Website_Visits,47,396.00,7,1,1
10,Website_Visits,48,621.00,7,1,1
10,Website_Visits,49,881.00,7,1,2
10,Website_Visits,50,1164.00,7,1,2
10,Website_Visits,51,1234.00,7,1,3
10,Website_Visits,52,906.00,7,1,2
10,Website_Visits,53,650.00,7,1,1
10,Website_Visits,54,449.00,7,1,1
10,Website_Visits,55,442.00,7,1,1
10,Website_Visits,56,1037.00,7,1,2
10,Website_Visits,57,1242.00,7,1,3
10,Website_Visits,58,1189.00,7,1,2
10,Website_Visits,59,1197.00,7,1,2
10,Website_Visits,60,728.00,7,1,1
10,Website_Visits,61,730.00,7,1,1
10,Website_Visits,62,884.00,7,1,2
10,Website_Visits,63,1035.00,7,1,2
10,Website_Visits,64,1557.00,7,1,3
10,Website_Visits,65,1604.00,7,1,3
10,Website_Visits,66,1445.00,7,1,3
10,Website_Visits,67,1215.00,7,1,3
10,Website_Visits,68,784.00,7,1,1
10,Website_Visits,69,802.00,7,1,2
10,Website_Visits,70,1084.00,7,1,2
10,Website_Visits,71,1379.00,7,1,3
10,Website_Visits,72,1499.00,7,1,3
10,Website_Visits,73,1289.00,7,1,3
10,Website_Visits,74,895.00,7,1,2
10,Website_Visits,75,692.00,7,1,1
10,Website_Visits,76,646.00,7,1,1
10,Website_Visits,77,1064.00,7,1,2
10,Website_Visits,78,1168.00,7,1,2
10,Website_Visits,79,1513.00,7,1,3
10,Website_Visits,80,1062.00,7,1,2
10,Website_Visits,81,550.00,7,1,1
10,Website_Visits,82,304.00,7,1,1
10,Website_Visits,83,536.00,7,1,1
10,Website_Visits,84,787.00,7,1,1
10,Website_Visits,85,1210.00,7,1,3
10,Website_Visits,86,1288.00,7,1,3
10,Website_Visits,87,1048.00,7,1,2
10,Website_Visits,88,660.00,7,1,1
10,Website_Visits,89,416.00,7,1,1
10,Website_Visits,90,642.00,7,1,1
10,Website_Visits,91,1127.00,7,1,2
10,Website_Visits,92,1415.00,7,1,3
10,Website_Visits,93,1382.00,7,1,3
10,Website_Visits,94,1339.00,7,1,3
10,Website_Visits,95,1038.00,7,1,2
10,Website_Visits,96,711.00,7,1,1
10,Website_Visits,97,901.00,7,1,2
10,Website_Visits,98,1204.00,7,1,3
10,Website_Visits,99,1388.00,7,1,3
10,Website_Visits,100,1598.00,7,1,3
10,Website_Visits,101,1378.00,7,1,3
10,Website_Visits,102,1052.00,7,1,2
10,Website_Visits,103,796.00,7,1,1
10,Website_Visits,104,591.00,7,1,1
10,Website_Visits,105,906.00,7,1,2
10,Website_Visits,106,1322.00,7,1,3
10,Website_Visits,107,1360.00,7,1,3
10,Website_Visits,108,1107.00,7,1,2
10,Website_Visits,109,1063.00,7,1,2
10,Website_Visits,110,493.00,7,1,1
10,Website_Visits,111,610.00,7,1,1
10,Website_Visits,112,896.00,7,1,2
10,Website_Visits,113,1178.00,7,1,2
10,Website_Visits,114,1168.00,7,1,2
10,Website_Visits,115,1076.00,7,1,2
10,Website_Visits,116,600.00,7,1,1
10,Website_Visits,117,468.00,7,1,1
10,Website_Visits,118,557.00,7,1,1
10,Website_Visits,119,966.00,7,1,2
11,Oil_Price,0,70.00,10,1,2
11,Oil_Price,1,70.95,10,1,2
11,Oil_Price,2,70.94,10,1,2
11,Oil_Price,3,72.11,10,1,2
11,Oil_Price,4,74.59,10,1,2
11,Oil_Price,5,74.44,10,1,2
11,Oil_Price,6,74.29,10,1,2
11,Oil_Price,7,76.86,10,1,2
11,Oil_Price,8,78.21,10,1,2
11,Oil_Price,9,77.71,10,1,2
11,Oil_Price,10,78.72,10,1,2
11,Oil_Price,11,78.23,10,1,2
11,Oil_Price,12,77.73,10,1,2
11,Oil_Price,13,78.29,10,1,2
11,Oil_Price,14,75.62,10,1,2
11,Oil_Price,15,73.23,10,1,2
11,Oil_Price,16,72.59,10,1,2
11,Oil_Price,17,71.27,10,1,2
11,Oil_Price,18,71.94,10,1,2
11,Oil_Price,19,70.78,10,1,2
11,Oil_Price,20,68.86,10,1,2
11,Oil_Price,21,71.26,10,1,2
11,Oil_Price,22,71.12,10,1,2
11,Oil_Price,23,71.42,10,1,2
11,Oil_Price,24,69.49,10,1,2
11,Oil_Price,25,68.87,10,1,2
11,Oil_Price,26,69.23,10,1,2
11,Oil_Price,27,67.71,10,1,2
11,Oil_Price,28,68.47,10,1,2
11,Oil_Price,29,67.77,10,1,2
11,Oil_Price,30,67.53,10,1,2
11,Oil_Price,31,66.83,10,1,2
11,Oil_Price,32,69.81,10,1,2
11,Oil_Price,33,69.99,10,1,2
11,Oil_Price,34,68.60,10,1,2
11,Oil_Price,35,70.04,10,1,2
11,Oil_Price,36,68.40,10,1,2
11,Oil_Price,37,68.92,10,1,2
11,Oil_Price,38,66.18,10,1,2
11,Oil_Price,39,64.39,10,1,2
11,Oil_Price,40,64.88,10,1,2
11,Oil_Price,41,66.19,10,1,2
11,Oil_Price,42,66.65,10,1,2
11,Oil_Price,43,66.67,10,1,2
11,Oil_Price,44,66.42,10,1,2
11,Oil_Price,45,64.40,10,1,2
11,Oil_Price,46,63.52,10,1,2
11,Oil_Price,47,63.03,10,1,2
11,Oil_Price,48,64.82,10,1,2
11,Oil_Price,49,65.53,10,1,2
11,Oil_Price,50,63.09,10,1,2
11,Oil_Price,51,63.78,10,1,2
11,Oil_Price,52,63.40,10,1,2
11,Oil_Price,53,62.58,10,1,2
11,Oil_Price,54,63.70,10,1,2
11,Oil_Price,55,65.45,10,1,2
11,Oil_Price,56,67.04,10,1,2
11,Oil_Price,57,65.98,10,1,2
11,Oil_Price,58,65.72,10,1,2
11,Oil_Price,59,66.42,10,1,2
11,Oil_Price,60,68.08,10,1,2
11,Oil_Price,61,67.56,10,1,2
11,Oil_Price,62,67.48,10,1,2
11,Oil_Price,63,66.02,10,1,2
11,Oil_Price,64,64.43,10,1,2
11,Oil_Price,65,65.85,10,1,2
11,Oil_Price,66,68.08,10,1,2
11,Oil_Price,67,68.18,10,1,2
11,Oil_Price,68,69.88,10,1,2
11,Oil_Price,69,70.62,10,1,2
11,Oil_Price,70,69.86,10,1,2
11,Oil_Price,71,70.60,10,1,2
11,Oil_Price,72,73.10,10,1,2
11,Oil_Price,73,73.25,10,1,2
11,Oil_Price,74,75.80,10,1,2
11,Oil_Price,75,72.07,10,1,2
11,Oil_Price,76,73.50,10,1,2
11,Oil_Price,77,73.83,10,1,2
11,Oil_Price,78,73.58,10,1,2
11,Oil_Price,79,73.92,10,1,2
11,Oil_Price,80,71.14,10,1,2
11,Oil_Price,81,71.01,10,1,2
11,Oil_Price,82,71.75,10,1,2
11,Oil_Price,83,74.16,10,1,2
11,Oil_Price,84,73.58,10,1,2
11,Oil_Price,85,72.57,10,1,2
11,Oil_Price,86,72.02,10,1,2
11,Oil_Price,87,73.59,10,1,2
11,Oil_Price,88,74.29,10,1,2
11,Oil_Price,89,73.69,10,1,2
11,Oil_Price,90,74.66,10,1,2
11,Oil_Price,91,75.01,10,1,2
11,Oil_Price,92,76.66,10,1,2
11,Oil_Price,93,75.81,10,1,2
11,Oil_Price,94,75.51,10,1,2
11,Oil_Price,95,75.13,10,1,2
11,Oil_Price,96,73.13,10,1,2
11,Oil_Price,97,73.78,10,1,2
11,Oil_Price,98,74.37,10,1,2
11,Oil_Price,99,74.57,10,1,2
11,Oil_Price,100,74.42,10,1,2
11,Oil_Price,101,72.50,10,1,2
11,Oil_Price,102,72.07,10,1,2
11,Oil_Price,103,71.75,10,1,2
11,Oil_Price,104,70.75,10,1,2
11,Oil_Price,105,70.71,10,1,2
11,Oil_Price,106,71.52,10,1,2
11,Oil_Price,107,74.54,10,1,2
11,Oil_Price,108,75.01,10,1,2
11,Oil_Price,109,75.59,10,1,2
11,Oil_Price,110,75.68,10,1,2
11,Oil_Price,111,73.00,10,1,2
11,Oil_Price,112,73.16,10,1,2
11,Oil_Price,113,73.45,10,1,2
11,Oil_Price,114,77.35,10,1,2
11,Oil_Price,115,77.26,10,1,2
11,Oil_Price,116,77.91,10,1,2
11,Oil_Price,117,78.06,10,1,2
11,Oil_Price,118,76.51,10,1,2
11,Oil_Price,119,78.42,10,1,2
11,Oil_Price,120,79.75,10,1,2
12,Loan_Applications,0,53.00,4,1,2
12,Loan_Applications,1,77.00,4,1,3
12,Loan_Applications,2,60.00,4,1,2
12,Loan_Applications,3,18.00,4,1,1
12,Loan_Applications,4,59.00,4,1,2
12,Loan_Applications,5,99.00,4,1,3
12,Loan_Applications,6,54.00,4,1,2
12,Loan_Applications,7,28.00,4,1,1
12,Loan_Applications,8,62.00,4,1,2
12,Loan_Applications,9,90.00,4,1,3
12,Loan_Applications,10,56.00,4,1,2
12,Loan_Applications,11,34.00,4,1,1
12,Loan_Applications,12,59.00,4,1,2
12,Loan_Applications,13,97.00,4,1,3
12,Loan_Applications,14,60.00,4,1,2
12,Loan_Applications,15,42.00,4,1,2
12,Loan_Applications,16,60.00,4,1,2
12,Loan_Applications,17,91.00,4,1,3
12,Loan_Applications,18,66.00,4,1,2
12,Loan_Applications,19,25.00,4,1,1
12,Loan_Applications,20,61.00,4,1,2
12,Loan_Applications,21,95.00,4,1,3
12,Loan_Applications,22,48.00,4,1,2
12,Loan_Applications,23,26.00,4,1,1
12,Loan_Applications,24,54.00,4,1,2
12,Loan_Applications,25,85.00,4,1,3
12,Loan_Applications,26,43.00,4,1,2
12,Loan_Applications,27,11.00,4,1,1
12,Loan_Applications,28,49.00,4,1,2
12,Loan_Applications,29,76.00,4,1,3
12,Loan_Applications,30,44.00,4,1,2
12,Loan_Applications,31,13.00,4,1,1
12,Loan_Applications,32,36.00,4,1,1
12,Loan_Applications,33,69.00,4,1,2
12,Loan_Applications,34,39.00,4,1,1
12,Loan_Applications,35,10.00,4,1,1
12,Loan_Applications,36,45.00,4,1,2
12,Loan_Applications,37,67.00,4,1,2
12,Loan_Applications,38,29.00,4,1,1
12,Loan_Applications,39,10.00,4,1,1
12,Loan_Applications,40,30.00,4,1,1
12,Loan_Applications,41,69.00,4,1,2
12,Loan_Applications,42,41.00,4,1,2
12,Loan_Applications,43,10.00,4,1,1
12,Loan_Applications,44,42.00,4,1,2
12,Loan_Applications,45,70.00,4,1,2
12,Loan_Applications,46,44.00,4,1,2
12,Loan_Applications,47,20.00,4,1,1
12,Loan_Applications,48,41.00,4,1,2
12,Loan_Applications,49,70.00,4,1,2
12,Loan_Applications,50,41.00,4,1,2
12,Loan_Applications,51,14.00,4,1,1
13,Wind_Power,0,48.84,12,1,1
13,Wind_Power,1,103.41,12,1,2
13,Wind_Power,2,134.05,12,1,2
13,Wind_Power,3,147.76,12,1,3
13,Wind_Power,4,111.80,12,1,2
13,Wind_Power,5,84.74,12,1,2
13,Wind_Power,6,5.00,12,1,1
13,Wind_Power,7,103.74,12,1,2
13,Wind_Power,8,120.99,12,1,2
13,Wind_Power,9,122.50,12,1,2
13,Wind_Power,10,113.84,12,1,2
13,Wind_Power,11,105.53,12,1,2
13,Wind_Power,12,46.65,12,1,1
13,Wind_Power,13,109.01,12,1,2
13,Wind_Power,14,137.00,12,1,2
13,Wind_Power,15,134.26,12,1,2
13,Wind_Power,16,98.90,12,1,2
13,Wind_Power,17,40.22,12,1,1
13,Wind_Power,18,5.00,12,1,1
13,Wind_Power,19,75.79,12,1,2
13,Wind_Power,20,114.81,12,1,2
13,Wind_Power,21,116.67,12,1,2
13,Wind_Power,22,132.50,12,1,2
13,Wind_Power,23,104.08,12,1,2
13,Wind_Power,24,36.74,12,1,1
13,Wind_Power,25,100.60,12,1,2
13,Wind_Power,26,130.78,12,1,2
13,Wind_Power,27,118.21,12,1,2
13,Wind_Power,28,116.97,12,1,2
13,Wind_Power,29,71.35,12,1,2
13,Wind_Power,30,16.25,12,1,1
13,Wind_Power,31,78.75,12,1,2
13,Wind_Power,32,90.94,12,1,2
13,Wind_Power,33,121.29,12,1,2
13,Wind_Power,34,137.63,12,1,2
13,Wind_Power,35,106.00,12,1,2
13,Wind_Power,36,57.73,12,1,1
13,Wind_Power,37,156.09,12,1,3
13,Wind_Power,38,138.47,12,1,2
13,Wind_Power,39,152.39,12,1,3
13,Wind_Power,40,125.91,12,1,2
13,Wind_Power,41,72.71,12,1,2
13,Wind_Power,42,5.00,12,1,1
13,Wind_Power,43,74.33,12,1,2
13,Wind_Power,44,100.01,12,1,2
13,Wind_Power,45,131.80,12,1,2
13,Wind_Power,46,122.62,12,1,2
13,Wind_Power,47,99.52,12,1,2
13,Wind_Power,48,84.72,12,1,2
13,Wind_Power,49,70.29,12,1,2
13,Wind_Power,50,140.20,12,1,3
13,Wind_Power,51,111.16,12,1,2
13,Wind_Power,52,104.52,12,1,2
13,Wind_Power,53,79.28,12,1,2
13,Wind_Power,54,5.00,12,1,1
13,Wind_Power,55,46.77,12,1,1
13,Wind_Power,56,100.87,12,1,2
13,Wind_Power,57,145.55,12,1,3
13,Wind_Power,58,118.95,12,1,2
13,Wind_Power,59,101.54,12,1,2
13,Wind_Power,60,50.68,12,1,1
13,Wind_Power,61,88.52,12,1,2
13,Wind_Power,62,162.06,12,1,3
13,Wind_Power,63,144.86,12,1,3
13,Wind_Power,64,81.23,12,1,2
13,Wind_Power,65,65.74,12,1,2
13,Wind_Power,66,5.00,12,1,1
13,Wind_Power,67,75.73,12,1,2
13,Wind_Power,68,99.71,12,1,2
13,Wind_Power,69,133.63,12,1,2
13,Wind_Power,70,137.48,12,1,2
13,Wind_Power,71,111.28,12,1,2
13,Wind_Power,72,32.00,12,1,1
13,Wind_Power,73,93.28,12,1,2
13,Wind_Power,74,122.78,12,1,2
13,Wind_Power,75,125.56,12,1,2
13,Wind_Power,76,138.08,12,1,2
13,Wind_Power,77,69.02,12,1,2
13,Wind_Power,78,5.00,12,1,1
13,Wind_Power,79,76.71,12,1,2
13,Wind_Power,80,143.43,12,1,3
13,Wind_Power,81,150.84,12,1,3
13,Wind_Power,82,107.11,12,1,2
13,Wind_Power,83,91.03,12,1,2
13,Wind_Power,84,69.00,12,1,2
13,Wind_Power,85,87.68,12,1,2
13,Wind_Power,86,136.56,12,1,2
13,Wind_Power,87,146.97,12,1,3
13,Wind_Power,88,97.70,12,1,2
13,Wind_Power,89,62.05,12,1,2
13,Wind_Power,90,5.00,12,1,1
13,Wind_Power,91,47.58,12,1,1
13,Wind_Power,92,107.81,12,1,2
13,Wind_Power,93,116.64,12,1,2
13,Wind_Power,94,154.39,12,1,3
13,Wind_Power,95,76.84,12,1,2
14,Unemployment_Rate,0,4.87,13,1,2
14,Unemployment_Rate,1,5.97,13,1,2
14,Unemployment_Rate,2,7.08,13,1,3
14,Unemployment_Rate,3,6.55,13,1,3
14,Unemployment_Rate,4,7.22,13,1,3
14,Unemployment_Rate,5,6.33,13,1,2
14,Unemployment_Rate,6,5.18,13,1,2
14,Unemployment_Rate,7,4.66,13,1,2
14,Unemployment_Rate,8,3.73,13,1,1
14,Unemployment_Rate,9,2.95,13,1,1
14,Unemployment_Rate,10,3.04,13,1,1
14,Unemployment_Rate,11,3.24,13,1,1
14,Unemployment_Rate,12,4.10,13,1,1
14,Unemployment_Rate,13,5.20,13,1,2
14,Unemployment_Rate,14,6.41,13,1,2
14,Unemployment_Rate,15,6.27,13,1,2
14,Unemployment_Rate,16,7.63,13,1,3
14,Unemployment_Rate,17,6.28,13,1,2
14,Unemployment_Rate,18,6.28,13,1,2
14,Unemployment_Rate,19,5.66,13,1,2
14,Unemployment_Rate,20,4.61,13,1,2
14,Unemployment_Rate,21,3.49,13,1,1
14,Unemployment_Rate,22,3.07,13,1,1
14,Unemployment_Rate,23,2.87,13,1,1
14,Unemployment_Rate,24,3.18,13,1,1
14,Unemployment_Rate,25,4.33,13,1,1
14,Unemployment_Rate,26,5.11,13,1,2
14,Unemployment_Rate,27,5.72,13,1,2
14,Unemployment_Rate,28,6.92,13,1,3
14,Unemployment_Rate,29,7.08,13,1,3
14,Unemployment_Rate,30,7.11,13,1,3
14,Unemployment_Rate,31,6.52,13,1,3
14,Unemployment_Rate,32,5.23,13,1,2
14,Unemployment_Rate,33,4.35,13,1,1
14,Unemployment_Rate,34,3.90,13,1,1
14,Unemployment_Rate,35,3.31,13,1,1
14,Unemployment_Rate,36,3.01,13,1,1
14,Unemployment_Rate,37,3.39,13,1,1
14,Unemployment_Rate,38,4.45,13,1,1
14,Unemployment_Rate,39,4.82,13,1,2
14,Unemployment_Rate,40,6.09,13,1,2
14,Unemployment_Rate,41,6.59,13,1,3
14,Unemployment_Rate,42,6.92,13,1,3
14,Unemployment_Rate,43,7.20,13,1,3
14,Unemployment_Rate,44,6.57,13,1,3
14,Unemployment_Rate,45,5.72,13,1,2
14,Unemployment_Rate,46,4.91,13,1,2
14,Unemployment_Rate,47,3.68,13,1,1
14,Unemployment_Rate,48,3.33,13,1,1
14,Unemployment_Rate,49,2.92,13,1,1
14,Unemployment_Rate,50,3.45,13,1,1
14,Unemployment_Rate,51,4.03,13,1,1
15,Sensor_Events,0,24.00,6,1,1
15,Sensor_Events,1,39.00,6,1,2
15,Sensor_Events,2,40.00,6,1,2
15,Sensor_Events,3,37.00,6,1,2
15,Sensor_Events,4,25.00,6,1,2
15,Sensor_Events,5,17.00,6,1,1
15,Sensor_Events,6,20.00,6,1,1
15,Sensor_Events,7,31.00,6,1,2
15,Sensor_Events,8,46.00,6,1,2
15,Sensor_Events,9,45.00,6,1,2
15,Sensor_Events,10,32.00,6,1,2
15,Sensor_Events,11,17.00,6,1,1
15,Sensor_Events,12,6.00,6,1,1
15,Sensor_Events,13,10.00,6,1,1
15,Sensor_Events,14,17.00,6,1,1
15,Sensor_Events,15,25.00,6,1,2
15,Sensor_Events,16,28.00,6,1,2
15,Sensor_Events,17,22.00,6,1,1
15,Sensor_Events,18,5.00,6,1,1
15,Sensor_Events,19,1.00,6,1,1
15,Sensor_Events,20,1.00,6,1,1
15,Sensor_Events,21,13.00,6,1,1
15,Sensor_Events,22,33.00,6,1,2
15,Sensor_Events,23,40.00,6,1,2
15,Sensor_Events,24,26.00,6,1,2
15,Sensor_Events,25,19.00,6,1,1
15,Sensor_Events,26,16.00,6,1,1
15,Sensor_Events,27,16.00,6,1,1
15,Sensor_Events,28,37.00,6,1,2
15,Sensor_Events,29,44.00,6,1,2
15,Sensor_Events,30,47.00,6,1,2
15,Sensor_Events,31,42.00,6,1,2
15,Sensor_Events,32,24.00,6,1,1
15,Sensor_Events,33,12.00,6,1,1
15,Sensor_Events,34,17.00,6,1,1
15,Sensor_Events,35,22.00,6,1,1
15,Sensor_Events,36,34.00,6,1,2
15,Sensor_Events,37,37.00,6,1,2
15,Sensor_Events,38,26.00,6,1,2
15,Sensor_Events,39,10.00,6,1,1
15,Sensor_Events,40,1.00,6,1,1
15,Sensor_Events,41,1.00,6,1,1
15,Sensor_Events,42,10.00,6,1,1
15,Sensor_Events,43,24.00,6,1,1
15,Sensor_Events,44,28.00,6,1,2
15,Sensor_Events,45,20.00,6,1,1
15,Sensor_Events,46,9.00,6,1,1
15,Sensor_Events,47,3.00,6,1,1
15,Sensor_Events,48,10.00,6,1,1
15,Sensor_Events,49,25.00,6,1,2
15,Sensor_Events,50,38.00,6,1,2
15,Sensor_Events,51,43.00,6,1,2
15,Sensor_Events,52,38.00,6,1,2
15,Sensor_Events,53,25.00,6,1,2
15,Sensor_Events,54,19.00,6,1,1
15,Sensor_Events,55,21.00,6,1,1
15,Sensor_Events,56,29.00,6,1,2
15,Sensor_Events,57,40.00,6,1,2
15,Sensor_Events,58,40.00,6,1,2
15,Sensor_Events,59,31.00,6,1,2
15,Sensor_Events,60,16.00,6,1,1
15,Sensor_Events,61,4.00,6,1,1
15,Sensor_Events,62,7.00,6,1,1
15,Sensor_Events,63,15.00,6,1,1
15,Sensor_Events,64,27.00,6,1,2
15,Sensor_Events,65,25.00,6,1,2
15,Sensor_Events,66,17.00,6,1,1
15,Sensor_Events,67,4.00,6,1,1
15,Sensor_Events,68,1.00,6,1,1
15,Sensor_Events,69,3.00,6,1,1
15,Sensor_Events,70,19.00,6,1,1
15,Sensor_Events,71,34.00,6,1,2
15,Sensor_Events,72,36.00,6,1,2
15,Sensor_Events,73,31.00,6,1,2
15,Sensor_Events,74,21.00,6,1,1
15,Sensor_Events,75,14.00,6,1,1
15,Sensor_Events,76,17.00,6,1,1
15,Sensor_Events,77,31.00,6,1,2
15,Sensor_Events,78,46.00,6,1,2
15,Sensor_Events,79,49.00,6,1,2
15,Sensor_Events,80,38.00,6,1,2
15,Sensor_Events,81,24.00,6,1,1
15,Sensor_Events,82,11.00,6,1,1
15,Sensor_Events,83,13.00,6,1,1
15,Sensor_Events,84,23.00,6,1,1
15,Sensor_Events,85,32.00,6,1,2
15,Sensor_Events,86,32.00,6,1,2
15,Sensor_Events,87,22.00,6,1,1
15,Sensor_Events,88,7.00,6,1,1
15,Sensor_Events,89,1.00,6,1,1
15,Sensor_Events,90,1.00,6,1,1
15,Sensor_Events,91,15.00,6,1,1
15,Sensor_Events,92,25.00,6,1,2
15,Sensor_Events,93,29.00,6,1,2
15,Sensor_Events,94,26.00,6,1,2
15,Sensor_Events,95,13.00,6,1,1
15,Sensor_Events,96,8.00,6,1,1
15,Sensor_Events,97,13.00,6,1,1
15,Sensor_Events,98,30.00,6,1,2
15,Sensor_Events,99,44.00,6,1,2
15,Sensor_Events,100,46.00,6,1,2
15,Sensor_Events,101,41.00,6,1,2
15,Sensor_Events,102,25.00,6,1,2
15,Sensor_Events,103,19.00,6,1,1
15,Sensor_Events,104,19.00,6,1,1
15,Sensor_Events,105,29.00,6,1,2
15,Sensor_Events,106,40.00,6,1,2
15,Sensor_Events,107,38.00,6,1,2
15,Sensor_Events,108,29.00,6,1,2
15,Sensor_Events,109,11.00,6,1,1
15,Sensor_Events,110,3.00,6,1,1
15,Sensor_Events,111,4.00,6,1,1
15,Sensor_Events,112,12.00,6,1,1
15,Sensor_Events,113,24.00,6,1,1
15,Sensor_Events,114,28.00,6,1,2
15,Sensor_Events,115,18.00,6,1,1
15,Sensor_Events,116,9.00,6,1,1
15,Sensor_Events,117,1.00,6,1,1
15,Sensor_Events,118,6.00,6,1,1
15,Sensor_Events,119,19.00,6,1,1
15,Sensor_Events,120,31.00,6,1,2
15,Sensor_Events,121,39.00,6,1,2
15,Sensor_Events,122,33.00,6,1,2
15,Sensor_Events,123,24.00,6,1,1
15,Sensor_Events,124,16.00,6,1,1
15,Sensor_Events,125,18.00,6,1,1
15,Sensor_Events,126,30.00,6,1,2
15,Sensor_Events,127,41.00,6,1,2
15,Sensor_Events,128,45.00,6,1,2
15,Sensor_Events,129,37.00,6,1,2
15,Sensor_Events,130,21.00,6,1,1
15,Sensor_Events,131,12.00,6,1,1
15,Sensor_Events,132,13.00,6,1,1
15,Sensor_Events,133,20.00,6,1,1
15,Sensor_Events,134,30.00,6,1,2
15,Sensor_Events,135,28.00,6,1,2
15,Sensor_Events,136,20.00,6,1,1
15,Sensor_Events,137,7.00,6,1,1
15,Sensor_Events,138,1.00,6,1,1
15,Sensor_Events,139,1.00,6,1,1
15,Sensor_Events,140,13.00,6,1,1
15,Sensor_Events,141,26.00,6,1,2
15,Sensor_Events,142,32.00,6,1,2
15,Sensor_Events,143,26.00,6,1,2
15,Sensor_Events,144,17.00,6,1,1
15,Sensor_Events,145,7.00,6,1,1
15,Sensor_Events,146,15.00,6,1,1
15,Sensor_Events,147,31.00,6,1,2
15,Sensor_Events,148,42.00,6,1,2
15,Sensor_Events,149,48.00,6,1,2
15,Sensor_Events,150,39.00,6,1,2
15,Sensor_Events,151,25.00,6,1,2
15,Sensor_Events,152,17.00,6,1,1
15,Sensor_Events,153,22.00,6,1,1
15,Sensor_Events,154,28.00,6,1,2
15,Sensor_Events,155,39.00,6,1,2
15,Sensor_Events,156,42.00,6,1,2
15,Sensor_Events,157,24.00,6,1,1
15,Sensor_Events,158,10.00,6,1,1
15,Sensor_Events,159,1.00,6,1,1
15,Sensor_Events,160,1.00,6,1,1
15,Sensor_Events,161,13.00,6,1,1
15,Sensor_Events,162,25.00,6,1,2
15,Sensor_Events,163,25.00,6,1,2
15,Sensor_Events,164,24.00,6,1,1
15,Sensor_Events,165,12.00,6,1,1
15,Sensor_Events,166,2.00,6,1,1
15,Sensor_Events,167,7.00,6,1,1
